Job Title,Company,Location,Job Type,Date Posted,Job Link,Company Email
Senior Software Engineer / Tech. Lead. – Testing,Confidential,"Cherlapally, Hyderabad, Telangana",N/A,N/A,https://in.indeed.com/pagead/clk?mo=r&ad=-6NYlbfkN0AIcI5c1w40jygOm1LGTmwfbr588ziN_z0XRN5QM3utq4sg13MXUSkeK2N8Jp48pGXysE1MXkBNX1j3iZjf0E0tdKt7vsdg5w54pJuW1TbHDFIRFbrj1t7Iv1fWk51vDHK2Rif9wBgn84yc3kqxa81N32792yOC1KDVnmaDZQnFVjQiW3Pg2inJZuEzQq8ZPVtsJGBV8NeEMDf03g95aDmAaRa8iV1x5K4o-jerAJ4USRCu5CNJXIHeOmwDsmMlSKd4hLxvlGvRluJ3p4su_eZ0FIp3x21tnHkKvZM70l1Y1Yw_s5yzq9DqvsTipYpcvoMcDYktIQvwMmjS45fPb-jl8IV_cQdCZDKAwOiI7JhksYmJcaXP68HjtBxWGplh08XoQb6LHbf83qO3LAkcm478I0-_M3oOCy7goIMVN_79LOhYi0SSMJennF8KtFWbuuiTidB-NkSgZZ9Pk7RA5GkMc-S1slJ_AK4J_KQcbDEhEiPUTVhWg4c3mW70xmmRJN4Xr45Wuvvq3qhuBx3X65bjAr5xhzHXlXeVk39jW5EFK9lvBKGaOfNVMKVLcIeFVkG1QRa4DRkZ1USBOjGL-mbaJb_KIMALxftN2khsDPjMqEuJLC_-VL7PKvP10Yj-UcOA6_Iq1yjROkrbDy85JuG_KvzGtm8BmEKSPZsMWoxu-1wJ4p4_cb45pbWEUX7lH_oSZ4fx27sxjk7A2mpm2QwQPl9R0Y83t4AgND-0nyIBZA==&xkcb=SoCq6_M3mYtsNYTNkp0LbzkdCdPP&camk=UoKtGZLa3XLFO16hX1Rv5g==&p=0&fvj=0&vjs=3,N/A
Java Developer,Persistent Systems,"Hybrid work in Hyderabad, Telangana",N/A,N/A,https://in.indeed.com/pagead/clk?mo=r&ad=-6NYlbfkN0BUJx5qTrvhv9BhHK5HuYVIpG5RsjCwzu-0hgvcG7De1_Ed8CvfKwYH6NKzFh1fZaFbH01GJHAPzWqz2vBb9G9BU8mlZmD3c141JJvjBvOUbF9HRQplDY_EHQZ53BReqiD-j49KKWroBFRJa0DwHx6SoT9CFNkpw7WKbUAkUO-tGw2UFF2C1OqBfwHTRTpOy5ytcraiiXT1hF-8kWa9apMxFjQ-wfN9616-iQdSiNdJsOredN8gNhZDzrU2fWhze5p3_FihMbbFeVvoUsslJCDAZJ6CR_hqlSDk4t78rFiNvyxIAB9MomdIgorr1bwn5Cjxzs6i-CEOcUMwqh1P8yG4fMRgoChPIl2OVR4-7CnJObxaPvLdE-QW_OI90Ety2uXc4wPHKmLKgG9nkCYD0r-FKU-9ptRw8Fu8Kv7G6p4kDR6wjYU_WB2nXciSKAlZ92miK1qzsNBW6qlZS4SognUv66F8P_1D1jQvy2oLbqot8g2PufQZwIpXu7cUosDAF4u2xBSGI6ZiIhtJYlmcLpRBGErY7SXRC8sSUZamBegHwOejDWTjyHvAjJXTGKE7Z67fkd30FguWrDx3Lav_aKhprJvWfD7iqVJ9aintm1c9WGmN-6m08FplbJXlB9AjYDG7p13WTlX9yFQGY6lJ-B2ZP3WJYnePsUhu35sggHA-YnNlfAmMjFbh&xkcb=SoAe6_M3mYtsNYTNkp0KbzkdCdPP&camk=UoKtGZLa3XILR_COMxjeMg==&p=1&fvj=0&vjs=3,info@persistent.com
"Engineer, Staff-Machine Learning-Embedded/C++",Qualcomm,"Hyderabad, Telangana",N/A,N/A,https://in.indeed.com/pagead/clk?mo=r&ad=-6NYlbfkN0DQUAyYzMowKJXT1F8-wViFpT9XTqJz1cG45efxJhzkFt2m8xuzv-6K-xSLQPsp5HV8i1X1CUDM12zCMejLS29O4cOPNdy1hgSRTeS3TM4eOmrXRX7n8IHV8Ciub2ZMsqXEkHzzCQywxBE-XC2Nu81cQsLszqoVhtmJyp_N0lOrRhOJA5ep9i9A8VdK14AFO-3LG0GYpswQSXSKah3LxOfFwgDFDrRX8zwmePzAEIiwcox62Ge_k7KBTZs59RiXILua5b6mrRxTGAB9kg4Uf-NGEqENEKzpVglJgYZHnjOwifiGmHyNrEP_YucZ-_RmK-i0QxQ8ackSjPUEpvAYbwV-pbv1xsru5LMvex2Y5Fly_IncftyM36bH2vwdsZ3whicpsRZYKx-e2FJK0NKjO1mBk8dEsr1wpb-iICKfH4deaM_WiX9J8uUduu_6QeQUhmHHFZDX3F4VVNqC_n6nuSlIIfHsVbeMqnaw7Ty8ne4b4YK9e7Z2xwWNI--5wy4nHzjUv8ilcYfWOEZseiij4-MtujSt7OXY7taeDyoGU1DfIL7zuSfLySMT6Z6MXW3rtagkd--529L2zEbJ-F33_8akQTpHBZqegXIMTrPnNySr4tG0x9dLNU5ccJ__QMv1tg390yo7aWCrx4yp5l7NLRvnw8jJIXvFY3Cp7RYs0j235A==&xkcb=SoCD6_M3mYtsNYTNkp0JbzkdCdPP&camk=UoKtGZLa3XKJTFCop9WNJw==&p=2&fvj=0&vjs=3,hsarathy@qti.qualcomm.com
Senior Quality Engineer I,Optum,"Hyderabad, Telangana",N/A,N/A,https://in.indeed.com/pagead/clk?mo=r&ad=-6NYlbfkN0BWpgndjYL01xMr26yTqLCDFb3b3BUdaEwmMV3w6lpNxfdb7iEvGm0gmfmM0o9B9H-3y-kAyz9yPI0001x8oGaRA7aZpmoc2Bm4fp0H78YxRogwgA9YuGt_w6-DAoLDohJYt465UoD_B6UNLtAfIMWFbM7E2CMGFUylJD-Qwc_PFg2f5so7VrkE1xmHA_zZc7E5eAZoE5V2LL8K4--Qkr-7UFUk7NFBtlzriXfNwFUdvpFHxrHcdL8bOhtQdYzyZbtFoXOpVkwb1MaF9rfkHr09ax2Xw-mpSFFSpruQuOng-Z7oxYWbSM1RQUWWAnq6TV0QHtenoaCDBTWj0agHTROhsidVZUWlBwKnhKkCDyZE-NlEZRPwN_Y0wWRiwoXOBImTtksOXB08v1UsdeGx4rzqtd3Nre0eXaM2fhTMQWXNix9BFPCgGWu-IdufFUNHl0saVJoyJOXkncMt1e6t7sW2d9zfBoaq2jp_GBJDrX9YFw3R4gVnxCuO0e7rXRaiC1RMmTgqitevDqLA_e0gVCacskVCnxdkqPFP9HCwAXrK3-IcUs5XrToBuXy3nwqcFIqrguOoZXqJHRD-AcEEmYVsusApOp6Z8ChevuB8cB4kwYz8GSQwWzDa-oHEAZM6S4ycg5uLuVeUIFJh7HX5xAawMmubwPY_aJJeQ-FWWVxBEk9LYW9B5IzGOWJsu-hoFxDsU9Nd38_GoV90zfwCLreDkxUYQOuiz0I6o9PsyuumWcWHq77KrXsyxRMWsQJTIPxQj512YMeRAUtDYTR6-yNO1Tc7gaC_cX8YHZVUDtpgeuyAi9KZj3UKwUyVazIQD4w=&xkcb=SoA36_M3mYtsNYTNkp0IbzkdCdPP&camk=ethIe0s0hed5mhSVDYdqwA==&p=3&fvj=0&vjs=3,incontact@optum.com
"Software Developer (Backend), LiveDesign - Hyderabad",Schrödinger,"Hyderabad, Telangana",N/A,N/A,https://in.indeed.com/rc/clk?jk=028a3e855bf41795&bb=Df0ddOet1ZccbpGFPSRtVhlOIiPUFpiuzxeKpj4QxMfb7W5yerNDZ831XSPXxOSRBv_OVV5tgVal2hV6u3F-7mG8dDbMke1mifCtlAu2R7MZbQfEYk30ZG29nYXsBX3D&xkcb=SoBN67M3mYtsNYTNkp0PbzkdCdPP&fccid=8b03edb481500fa4&vjs=3,hydfinance@schrodinger.com
Software Engineer,UltraViolet Cyber,"Hyderabad, Telangana",N/A,N/A,https://in.indeed.com/rc/clk?jk=4874919faecdc432&bb=Df0ddOet1ZccbpGFPSRtVjqGNXeSu5_HRtQVpOVTgMVg9ZCrCnOowiNKuj0zlqdYLXKdc5_v85ydeFMkU3WMdjJ9WDZeDhos3rt9vJDMEUR8-SIH13wfxM6ZfS1lehGl&xkcb=SoD567M3mYtsNYTNkp0ObzkdCdPP&fccid=9f6ab2632748535e&vjs=3,info@uvcyber.com
Java Fullstack Developer(218983),Knack Consulting Services Pvt Ltd,"Hybrid work in Hyderabad, Telangana",N/A,N/A,https://in.indeed.com/rc/clk?jk=e05de81bb506a21c&bb=Df0ddOet1ZccbpGFPSRtVj9DHPsZgPgJCeRD9hp7c92xMDZyQeBIUE0yz2jH-L2V-gTPaHQOnxEaRSgqmRk4Bn9ySfIrvqkoETf1eYZvB-62Dp0oASvglMA7nvOD264f&xkcb=SoBk67M3mYtsNYTNkp0NbzkdCdPP&fccid=50b48ba13893b39b&vjs=3,N/A
Software Engineer - MS SQL/MySQL Developer,Acads360 India Private Limited,"Hyderabad, Telangana",N/A,N/A,https://in.indeed.com/rc/clk?jk=9de73271ed262ae2&bb=Df0ddOet1ZccbpGFPSRtVryMwSxZvI9YDrihlmuW2pYatS3WHTOMm_OSqJmxGTK_lhMSBDq_Aco34sM9X30W7nueotG5jxzwfpMoVDFzWPKEuX2cfHpAEa0-habanW0i&xkcb=SoDQ67M3mYtsNYTNkp0MbzkdCdPP&fccid=20c7c6660691785a&vjs=3,N/A
6015_Senior Software Engineer - Java,Recruise,"Hyderabad, Telangana",N/A,N/A,https://in.indeed.com/rc/clk?jk=5fc99dd6e0d3b765&bb=Df0ddOet1ZccbpGFPSRtVu1SaY0Jh14oSgnWwXrBH7UwicgKs0u78BqZ0E8SgiC02agt1aS8ggEEVJ6j7ZNEQtuYzK8bgytEdlC8_RoV7jEoK8_pejle34qHWaEYVcv9&xkcb=SoA567M3mYtsNYTNkp0DbzkdCdPP&fccid=45deda0109c01fc4&vjs=3,N/A
Software Engineer,Interactive Brokers External,"Hyderabad, Telangana",N/A,N/A,https://in.indeed.com/rc/clk?jk=eadb7aa1ae1fc4b0&bb=Df0ddOet1ZccbpGFPSRtVtsQzflf0M_0kRIPG1_Rqtga1f1SOZlXAY_6nVpSSyzc1gvayy3jcRtU6WcZKZOWFmAu0Ayo6Vhi6y1oG6hL-PNhEu8Cy8bjzlL1RwYt70KF&xkcb=SoCN67M3mYtsNYTNkp0CbzkdCdPP&fccid=fe60c3a38834bd9a&vjs=3,help.in@interactivebrokers.com
"Senior Software Development Engineer, Backend (India)",SavvyMoney,"Remote in Hyderabad, Telangana",N/A,N/A,https://in.indeed.com/rc/clk?jk=858bb9a5c52032a4&bb=Df0ddOet1ZccbpGFPSRtVkNrAJPc5Iz7Rwfol6Zw3sPxtMHMODx_4G6JAqd5I3VpZG6O6xJY0Qz_Ih4tDAJkqvbR7iW09yOEZgBzRPaRVOaUtZK4UQCesbgsEWmLi01G&xkcb=SoAQ67M3mYtsNYTNkp0BbzkdCdPP&fccid=2ec06d11eaa11c3f&vjs=3,N/A
Staff Software Engineer,ServiceNow,"Hybrid work in Hyderabad, Telangana",N/A,N/A,https://in.indeed.com/rc/clk?jk=cc6532a3451ef788&bb=Df0ddOet1ZccbpGFPSRtVjjmRhgGGtr_KVD2eJOkf6uApjnXRpr5qUB0ZidbZmjeKVBP1UQhFJhOp2j_JZQBHvpfYh6VqNH8FeukB_o-LItVeX468e781oQvWPSw8muV&xkcb=SoCk67M3mYtsNYTNkp0AbzkdCdPP&fccid=7442885bc0fa7c14&vjs=3,rajaraman.santhanam@servicenow.com
Software Engineer II,Storable,"Hyderabad, Telangana",N/A,N/A,https://in.indeed.com/rc/clk?jk=d2eb7d2bf4364471&bb=Df0ddOet1ZccbpGFPSRtVnrdLAnkGyHfDHXqoOZ5keCZ8_CcGeB8xY3-VfoFPxzi_E57FCy-f4jZwz8DZjeKbnw6jG53dlTv5sa7wOTOzVmFrhWVjKSN3gcNQhBpP-Pz&xkcb=SoAq67M3mYtsNYTNkp0HbzkdCdPP&fccid=1a025eb59799109c&vjs=3,N/A
Senior Software Engineer,Altir,"Hyderabad, Telangana",N/A,N/A,https://in.indeed.com/rc/clk?jk=e3eac7bbc8b2244f&bb=Df0ddOet1ZccbpGFPSRtVjqGNXeSu5_H_MoxYIZkGoFCbm9Zsb2DmucGHqHOasbFnoHhO5rMJgeAg3TQJR37TjJWswjFUqupE4xl6mA4HU3P4u1ED-AIMLctlxrbfq8m&xkcb=SoCe67M3mYtsNYTNkp0GbzkdCdPP&fccid=c68c2e1b7d0ba4f7&vjs=3,N/A
Product Engineer (Backend) - Python,Egnify Technologies,"Hyderabad, Telangana",N/A,N/A,https://in.indeed.com/rc/clk?jk=c563dfd07712727b&bb=Df0ddOet1ZccbpGFPSRtVs3l9vwm4SBd9CH0ygRYDKBMpnvFjb9borEokuUvljPIGwM-XeMoIxvkooyt90XTo48_yMFVPJi-ouRpxtIP7dZ3jPstfQ2g5Zj7m7QZpmDe&xkcb=SoAD67M3mYTNkp0FbzkdCdPP&fccid=5a907d1ffe30668b&vjs=3,N/A
