Job Title,Company,Location,Job Type,Date Posted,Job Link
Software Developer,Expicient Software Pvt Ltd,"Remote in Pune, Maharashtra",N/A,N/A,https://in.indeed.com/rc/clk?jk=49b45fed9d06caf5&bb=dJpBcSCTYPandN_lQlqq-1KhQgA1eKX8d7ZISSAZmzf_FMoeq1zeZeRXlc3rH9Qdi1A4ITsS7yxC1YcBl3d5JFpsThwq5VA6yujrQdT0-EvunTt0smJneg3EV3XceVQr&xkcb=SoCP67M3mXT_T0TC950LbzkdCdPP&fccid=7a7d1045b8119932&cmp=Expicient-Software-Pvt-Ltd&ti=Software+Engineer&vjs=3
Software Engineer,SSterling Workforce Enterprises Private Limited,"Karve Nagar, Pune, Maharashtra",N/A,N/A,https://in.indeed.com/rc/clk?jk=5190f74e68d6f598&bb=dJpBcSCTYPandN_lQlqq-9AE2ACxRbQ3sKogEBcUXFjEj8aeDTIhHUHJChf8zyWGuhbJjlsmp1xQQQHmJN593Fn0Yh1Tf4PQsHPXqganV7u5VIvlg_IHjhbXqd3LTn8w&xkcb=SoA767M3mXT_T0TC950KbzkdCdPP&fccid=76f1e229565dfa3c&cmp=SSterling-Workforce-Enterprises-Private-Limited&ti=Software+Engineer&vjs=3
Software Developer (Java/Fullstack),Webdirekt India Pvt. Ltd,"Viman Nagar, Pune, Maharashtra",N/A,N/A,https://in.indeed.com/rc/clk?jk=76498c7a9e9e9954&bb=dJpBcSCTYPandN_lQlqq-1jjGcXz6yYTla6TRTPKTP8N19sSwffY0VWqzvy-_-rYSFIud54B9SGrIZkmnq4e8GRXWRLHxfR1v67LqjfkWTwv7TMXWTW2qrkqerbBG0yt&xkcb=SoCm67M3mXT_T0TC950JbzkdCdPP&fccid=facf5683c139af66&cmp=Webdirekt-India-Pvt.-Ltd&ti=Java+Developer&vjs=3
Senior Software Developer / Web Developer II | Permanent Work from Home,UA Brands,"Remote in Pune, Maharashtra",N/A,N/A,https://in.indeed.com/rc/clk?jk=75e27607eab585cd&bb=dJpBcSCTYPandN_lQlqq-6buvThCRv7kVt6y6BKrSrEY_CBvW6igdbspTYz4qy6AkldGxEoE2gHnKedZohqPXSDvDwbB2RZCh3pQYhQhYJJhtt2B6P_-dyYJ8MXPjBxM&xkcb=SoAS67M3mXT_T0TC950IbzkdCdPP&fccid=95a87a5461f17875&vjs=3
Software Engineer 1,Procore,"Pune, Maharashtra",N/A,N/A,https://in.indeed.com/rc/clk?jk=b4abbccf0e8d2d33&bb=dJpBcSCTYPandN_lQlqq-zRJec6k8jLggQsvmTiOEoyRgjYn50k3O3_OTxj018Nre1CWfAsOGMQ_WVM5LUcy1c5fRFb9irkdloFdTI_TUP-bK57w2we2gNqT6od_1YYA&xkcb=SoCc67M3mXT_T0TC950PbzkdCdPP&fccid=bc675912b67fcb67&vjs=3
ReactJS Developer,Celoxis Technologies Pvt. Ltd,"Pune, Maharashtra",N/A,N/A,https://in.indeed.com/rc/clk?jk=2fc74f80c786ead5&bb=dJpBcSCTYPandN_lQlqq-1zWSti_QjhjWq7NyCvi4T8E42u4e8RTjAVT276C_g2XGXJoM94kdwIoPyEy6B4taBssY4EZ4Wg6ez-_xKh708gHr-V45P_jGgoS2fzAQENr&xkcb=SoAo67M3mXT_T0TC950ObzkdCdPP&fccid=e3909323482c36bd&cmp=Celoxis-Technologies-Pvt.-Ltd&ti=Developer&vjs=3
Junior Software Developer,intellisourcetech,"Pune, Maharashtra",N/A,N/A,https://in.indeed.com/rc/clk?jk=387e6bb0fa4d579c&bb=dJpBcSCTYPandN_lQlqq--wgN0S6LUskuA9JOeg0jcO78UJgS6cCZaT0S09-VYU2Cx6iS5l2VAf5n2ieMa8aJ6fM7S1FR1kCGxX1btBp0Oo2MgUhOOrN1wyQC6ImvUuN&xkcb=SoC167M3mXT_T0TC950NbzkdCdPP&fccid=5c2a7a36e4302212&vjs=3
Jr. Software Test Engineer,WAB IT SOFTWARE Pvt. Ltd,"Hybrid work in Pune, Maharashtra",N/A,N/A,https://in.indeed.com/rc/clk?jk=dd2e3744ece9568e&bb=dJpBcSCTYPandN_lQlqq-_MbN24OqPqKNalcrMAuA7or4ZKKc4boXR0XJ3Bk2fEZZik8fjPnVZAAqLuGd8HI7avJkR-jN3-Er0hL3n77PXKwisbTc1GUCg4F_HhBLn2N&xkcb=SoAB67M3mXT_T0TC950MbzkdCdPP&fccid=aee5a6a666af48b2&cmp=WAB-IT-SOFTWARE-Pvt.-Ltd&ti=Junior+Software+Test+Engineer&vjs=3
Software Engineer,Chandan Tech Solutions Pvt ltd,"Pimpri-Chinchwad, Maharashtra",N/A,N/A,https://in.indeed.com/rc/clk?jk=d6070566ba40cbb8&bb=dJpBcSCTYPandN_lQlqq-13RHwNwlkooeBdwYbLKeceZm_xkenBHqR_0yNqtkJUJSSU9F_gB0WetNSsmmH2pTWAtzlElubWlQ4kwVAQllxWGqiXOklOEi2dDhk0JtCu6&xkcb=SoDo67M3mXT_T0TC950DbzkdCdPP&fccid=636ced54b03a737a&cmp=Chandan-Tech-Solutions-pvt-ltd&ti=Software+Engineer&vjs=3
Java Backend Developer,NEXAGROWTH TALENT LLP,"Pune, Maharashtra",N/A,N/A,https://in.indeed.com/rc/clk?jk=4cdb0d73c1d6e682&bb=dJpBcSCTYPandN_lQlqq-5_3if5_bbFQdZu3UHBauq5UX-Hnp9MTGa9cOTWWb6NWnhrkZo4fhmBdg3ejZDnv4mO_EhzjprEHK3nQH98QR0gACw2ihm2BxEgoVc_wvGwe&xkcb=SoBc67M3mXT_T0TC950CbzkdCdPP&fccid=acb2701a2b6f4bdf&cmp=NEXAGROWTH-TALENT-LLP&ti=Back+End+Developer&vjs=3
Software Engineer,Barclays,"Pune, Maharashtra",N/A,N/A,https://in.indeed.com/rc/clk?jk=b039897bee14d22e&bb=dJpBcSCTYPandN_lQlqq--wgN0S6LUskbFBdjgVd12B9azrCowR6VfKzUoIdfSGQXK2sMPzmF3nzD6yFuLX982leQv3zNObgKSY5czSILrAddZC0htkNxCHBqkyPYsEn&xkcb=SoDB67M3mXT_T0TC950BbzkdCdPP&fccid=057abf3fd357e717&vjs=3
Software Engineer,Barclays,"Pune, Maharashtra",N/A,N/A,https://in.indeed.com/viewjob?jk=456789abcdef0123
Jr. Software Developer,iAssure International Technologies Pvt Ltd,"Pune, Maharashtra",N/A,N/A,https://in.indeed.com/rc/clk?jk=22c9693c4835ce3b&bb=dJpBcSCTYPandN_lQlqq-2_H407OsRSPF_Rlaltpac14oLc2kkApI5xkXyrpttU6fLc5WGIQ8sLgsKJOJAdCRXm_A4JHbXjUyyZYHArQm0_cyUXCqQmCaJGHuV9bJvM5&xkcb=SoB167M3mXT_T0TC950AbzkdCdPP&fccid=4899789021fe606f&cmp=iAssure-International-Technologies-Pvt-Ltd&ti=Junior+Software+Engineer&vjs=3
Software Engineer,Checkmarx,"Pune, Maharashtra",N/A,N/A,https://in.indeed.com/rc/clk?jk=71990e1c6276b772&bb=dJpBcSCTYPandN_lQlqq-1KhQgA1eKX8_7YpSwIS04hLqO2j6SksY2jO55N77J_xRXvtg0_N88Jvjn1iNzmLaRwr3cw__7P0M7KYgOK1dVzP9qz2SSCW1xnjbnMEbeJm&xkcb=SoD767M3mXT_T0TC950HbzkdCdPP&fccid=2ff9274c4172e13b&vjs=3
Software Engineer,Insightant Technology Solutions,"Pune, Maharashtra",N/A,N/A,https://in.indeed.com/rc/clk?jk=add10afaee68003b&bb=dJpBcSCTYPandN_lQlqq-yYqhgvYHrNMAJq1F4EhkMxbvo6HNaahq9zBWNuZD70Ni2u-_OTQbR7fK5yJfetwCKzV0bMx338CjKU3sFxgQiMRKoZFlXG6r9U-PpV8py6c&xkcb=SoBP67M3mXT_T0TC950GbzkdCdPP&fccid=93944ce3cb669ed2&vjs=3
Software Engineer – Full Stack,Scan-IT,"Hybrid work in Pune, Maharashtra",N/A,N/A,https://in.indeed.com/rc/clk?jk=baf1bf11e893e86c&bb=dJpBcSCTYPandN_lQlqq-6QKTQYxmrd63-R-SHN56lvEpJQYrl8R3ApKnhTmaXQGYm6PCWZ0p-Rx9DlrVXx18Uj6YcmY5xB7YFOJOXQeIWx5WaxPk1d4qKYiuo7Q2olV&xkcb=SoDS67M3mXT_T0TC950FbzkdCdPP&fccid=abdb65f0afb105ca&vjs=3
